-- phpMyAdmin SQL Dump
-- version 4.5.1
-- http://www.phpmyadmin.net
--
-- Host: 127.0.0.1
-- Generation Time: 04 Apr 2019 pada 11.58
-- Versi Server: 10.1.19-MariaDB
-- PHP Version: 5.6.28

SET SQL_MODE = "NO_AUTO_VALUE_ON_ZERO";
SET time_zone = "+00:00";


/*!40101 SET @OLD_CHARACTER_SET_CLIENT=@@CHARACTER_SET_CLIENT */;
/*!40101 SET @OLD_CHARACTER_SET_RESULTS=@@CHARACTER_SET_RESULTS */;
/*!40101 SET @OLD_COLLATION_CONNECTION=@@COLLATION_CONNECTION */;
/*!40101 SET NAMES utf8mb4 */;

--
-- Database: `inventaris_ori`
--

-- --------------------------------------------------------

--
-- Struktur dari tabel `detail_pinjam`
--

CREATE TABLE `detail_pinjam` (
  `id_detail_pinjam` int(11) NOT NULL,
  `id_inventaris` int(11) NOT NULL,
  `jml` varchar(50) NOT NULL,
  `status_peminjaman` enum('P','K','L') NOT NULL,
  `tanggal_kembali` timestamp NOT NULL DEFAULT CURRENT_TIMESTAMP ON UPDATE CURRENT_TIMESTAMP,
  `id_petugas` int(11) NOT NULL
) ENGINE=InnoDB DEFAULT CHARSET=latin1;

--
-- Dumping data untuk tabel `detail_pinjam`
--

INSERT INTO `detail_pinjam` (`id_detail_pinjam`, `id_inventaris`, `jml`, `status_peminjaman`, `tanggal_kembali`, `id_petugas`) VALUES
(18, 9, '20', 'K', '2019-04-01 22:49:04', 15),
(21, 9, '10', 'K', '2019-04-01 22:46:34', 15),
(22, 9, '1', 'P', '2019-04-01 17:00:00', 15),
(23, 9, '1', 'K', '2019-04-01 22:45:59', 15),
(24, 6, '1', 'K', '2019-04-01 22:50:13', 15),
(25, 9, '8', 'K', '2019-04-01 23:02:53', 15),
(26, 9, '1', 'K', '2019-04-01 23:04:16', 15),
(27, 9, '2', 'K', '2019-04-01 23:22:19', 15),
(28, 9, '12', 'K', '2019-04-04 06:33:16', 15),
(29, 9, '70', 'K', '2019-04-04 03:25:20', 15),
(30, 9, '1', 'K', '2019-04-04 06:33:33', 15),
(31, 0, '1', 'P', '0000-00-00 00:00:00', 15),
(32, 9, '1', 'P', '0000-00-00 00:00:00', 15),
(33, 9, '1', 'P', '0000-00-00 00:00:00', 15),
(34, 0, '1', 'P', '0000-00-00 00:00:00', 15),
(35, 9, '2', 'L', '0000-00-00 00:00:00', 15),
(36, 0, '1', 'P', '0000-00-00 00:00:00', 15),
(37, 0, '1', 'P', '0000-00-00 00:00:00', 15),
(38, 0, '1', 'P', '0000-00-00 00:00:00', 15);

--
-- Trigger `detail_pinjam`
--
DELIMITER $$
CREATE TRIGGER `peminjaman` AFTER INSERT ON `detail_pinjam` FOR EACH ROW UPDATE inventaris SET jumlah = jumlah - NEW.jml WHERE id_inventaris= NEW.id_inventaris
$$
DELIMITER ;
DELIMITER $$
CREATE TRIGGER `pengembalian` BEFORE UPDATE ON `detail_pinjam` FOR EACH ROW UPDATE inventaris SET jumlah = jumlah + NEW.jml WHERE id_inventaris = NEW.id_inventaris
$$
DELIMITER ;

-- --------------------------------------------------------

--
-- Struktur dari tabel `inventaris`
--

CREATE TABLE `inventaris` (
  `id_inventaris` int(11) NOT NULL,
  `nama` varchar(50) NOT NULL,
  `kondisi` varchar(50) NOT NULL,
  `ket` enum('Y','N') NOT NULL,
  `spesifikasi` text NOT NULL,
  `jumlah` varchar(50) NOT NULL,
  `id_jenis` int(11) NOT NULL,
  `tanggal_register` date NOT NULL,
  `id_ruang` int(11) NOT NULL,
  `kode_inventaris` varchar(50) NOT NULL,
  `id_petugas` int(11) NOT NULL
) ENGINE=InnoDB DEFAULT CHARSET=latin1;

--
-- Dumping data untuk tabel `inventaris`
--

INSERT INTO `inventaris` (`id_inventaris`, `nama`, `kondisi`, `ket`, `spesifikasi`, `jumlah`, `id_jenis`, `tanggal_register`, `id_ruang`, `kode_inventaris`, `id_petugas`) VALUES
(6, 'Proyektor Epson', 'Rusak', 'N', 'Merk Epson Type eps-9854', '11', 1, '2019-03-06', 1, 'BRG-kB8t2', 14),
(9, 'laptop', 'Baik', 'Y', 'lenovo', '74', 2, '2019-03-07', 2, 'BRG-kp4X2', 14);

-- --------------------------------------------------------

--
-- Struktur dari tabel `jenis`
--

CREATE TABLE `jenis` (
  `id_jenis` int(11) NOT NULL,
  `nama_jenis` varchar(50) NOT NULL,
  `kode_jenis` varchar(50) NOT NULL,
  `keterangan` enum('Y','N') NOT NULL
) ENGINE=InnoDB DEFAULT CHARSET=latin1;

--
-- Dumping data untuk tabel `jenis`
--

INSERT INTO `jenis` (`id_jenis`, `nama_jenis`, `kode_jenis`, `keterangan`) VALUES
(1, 'Elektronik', 'JNS-uevo2', 'Y'),
(2, 'Alat Bengkel', 'JNS-x9dZ2', 'Y'),
(3, 'Alat Seni Budaya', 'JNS-KEqG2', 'Y'),
(4, 'Alat Mengajar', 'JNS-BdVg2', 'Y');

-- --------------------------------------------------------

--
-- Struktur dari tabel `level`
--

CREATE TABLE `level` (
  `id_level` int(11) NOT NULL,
  `nama_level` varchar(50) NOT NULL
) ENGINE=InnoDB DEFAULT CHARSET=latin1;

--
-- Dumping data untuk tabel `level`
--

INSERT INTO `level` (`id_level`, `nama_level`) VALUES
(1, 'Administrator'),
(2, 'Operator'),
(3, 'Peminjam');

-- --------------------------------------------------------

--
-- Struktur dari tabel `pegawai`
--

CREATE TABLE `pegawai` (
  `id_pegawai` int(11) NOT NULL,
  `nama_pegawai` varchar(50) NOT NULL,
  `nip` varchar(50) NOT NULL,
  `alamat` text NOT NULL
) ENGINE=InnoDB DEFAULT CHARSET=latin1;

--
-- Dumping data untuk tabel `pegawai`
--

INSERT INTO `pegawai` (`id_pegawai`, `nama_pegawai`, `nip`, `alamat`) VALUES
(1, 'Kevin', '1234', 'ciomas griya'),
(2, 'Furqon', '1234567890', 'Ciomas'),
(4, 'Rafli Nurochman', '12345678902', 'Ciapus'),
(5, 'Imanudin', '12345678903', 'Bomen'),
(6, 'sssassdsad', '12243254', 'sssasdsad'),
(7, 'adads', '2313233', 'adsaadad');

-- --------------------------------------------------------

--
-- Struktur dari tabel `peminjaman`
--

CREATE TABLE `peminjaman` (
  `id_peminjaman` int(11) NOT NULL,
  `tanggal_pinjam` date NOT NULL,
  `id_detail_pinjam` int(11) NOT NULL,
  `id_pegawai` int(11) NOT NULL
) ENGINE=InnoDB DEFAULT CHARSET=latin1;

--
-- Dumping data untuk tabel `peminjaman`
--

INSERT INTO `peminjaman` (`id_peminjaman`, `tanggal_pinjam`, `id_detail_pinjam`, `id_pegawai`) VALUES
(10, '2019-03-01', 18, 6),
(11, '2019-04-01', 21, 1),
(12, '2019-04-02', 23, 1),
(13, '2019-04-02', 24, 2),
(14, '2019-04-02', 25, 5),
(15, '2019-04-02', 26, 1),
(16, '2019-05-01', 27, 4),
(17, '2019-04-02', 28, 1),
(18, '2019-04-04', 29, 5),
(19, '2019-04-04', 30, 2),
(20, '2019-04-04', 31, 7),
(21, '2019-04-04', 34, 2),
(22, '2019-04-04', 35, 1);

-- --------------------------------------------------------

--
-- Struktur dari tabel `petugas`
--

CREATE TABLE `petugas` (
  `id_petugas` int(11) NOT NULL,
  `username` varchar(50) NOT NULL,
  `password` text NOT NULL,
  `nama_petugas` varchar(50) NOT NULL,
  `id_level` int(11) NOT NULL
) ENGINE=InnoDB DEFAULT CHARSET=latin1;

--
-- Dumping data untuk tabel `petugas`
--

INSERT INTO `petugas` (`id_petugas`, `username`, `password`, `nama_petugas`, `id_level`) VALUES
(13, 'dimas', 'b11d0a950e8a6485ca742a48b7eacbbe7ffdd979', 'Dimas P', 2),
(14, 'admin', 'd033e22ae348aeb5660fc2140aec35850c4da997', 'Harsa Aditya', 1),
(15, 'Peminjam', '3e6105ff4940a885d6409d3b0aaa87d6c166c9b3', 'Benny', 3);

-- --------------------------------------------------------

--
-- Struktur dari tabel `ruang`
--

CREATE TABLE `ruang` (
  `id_ruang` int(11) NOT NULL,
  `nama_ruang` varchar(50) NOT NULL,
  `kode_ruang` varchar(50) NOT NULL,
  `keterangan` enum('Y','N') NOT NULL
) ENGINE=InnoDB DEFAULT CHARSET=latin1;

--
-- Dumping data untuk tabel `ruang`
--

INSERT INTO `ruang` (`id_ruang`, `nama_ruang`, `kode_ruang`, `keterangan`) VALUES
(1, 'Lab RPL 1', 'RU-5Jw92', 'Y'),
(2, 'Lab RPL 2', 'RU-ciBr2', 'Y'),
(3, 'sdsa', 'RU-CB0I2', 'Y');

--
-- Indexes for dumped tables
--

--
-- Indexes for table `detail_pinjam`
--
ALTER TABLE `detail_pinjam`
  ADD PRIMARY KEY (`id_detail_pinjam`),
  ADD KEY `id_inventaris` (`id_inventaris`);

--
-- Indexes for table `inventaris`
--
ALTER TABLE `inventaris`
  ADD PRIMARY KEY (`id_inventaris`),
  ADD KEY `id_jenis` (`id_jenis`),
  ADD KEY `id_ruang` (`id_ruang`),
  ADD KEY `id_petugas` (`id_petugas`);

--
-- Indexes for table `jenis`
--
ALTER TABLE `jenis`
  ADD PRIMARY KEY (`id_jenis`);

--
-- Indexes for table `level`
--
ALTER TABLE `level`
  ADD PRIMARY KEY (`id_level`);

--
-- Indexes for table `pegawai`
--
ALTER TABLE `pegawai`
  ADD PRIMARY KEY (`id_pegawai`);

--
-- Indexes for table `peminjaman`
--
ALTER TABLE `peminjaman`
  ADD PRIMARY KEY (`id_peminjaman`),
  ADD KEY `id_pegawai` (`id_pegawai`),
  ADD KEY `id_detail_pinjam` (`id_detail_pinjam`);

--
-- Indexes for table `petugas`
--
ALTER TABLE `petugas`
  ADD PRIMARY KEY (`id_petugas`),
  ADD KEY `id_level` (`id_level`);

--
-- Indexes for table `ruang`
--
ALTER TABLE `ruang`
  ADD PRIMARY KEY (`id_ruang`);

--
-- AUTO_INCREMENT for dumped tables
--

--
-- AUTO_INCREMENT for table `detail_pinjam`
--
ALTER TABLE `detail_pinjam`
  MODIFY `id_detail_pinjam` int(11) NOT NULL AUTO_INCREMENT, AUTO_INCREMENT=39;
--
-- AUTO_INCREMENT for table `inventaris`
--
ALTER TABLE `inventaris`
  MODIFY `id_inventaris` int(11) NOT NULL AUTO_INCREMENT, AUTO_INCREMENT=10;
--
-- AUTO_INCREMENT for table `jenis`
--
ALTER TABLE `jenis`
  MODIFY `id_jenis` int(11) NOT NULL AUTO_INCREMENT, AUTO_INCREMENT=5;
--
-- AUTO_INCREMENT for table `level`
--
ALTER TABLE `level`
  MODIFY `id_level` int(11) NOT NULL AUTO_INCREMENT, AUTO_INCREMENT=4;
--
-- AUTO_INCREMENT for table `pegawai`
--
ALTER TABLE `pegawai`
  MODIFY `id_pegawai` int(11) NOT NULL AUTO_INCREMENT, AUTO_INCREMENT=8;
--
-- AUTO_INCREMENT for table `peminjaman`
--
ALTER TABLE `peminjaman`
  MODIFY `id_peminjaman` int(11) NOT NULL AUTO_INCREMENT, AUTO_INCREMENT=23;
--
-- AUTO_INCREMENT for table `petugas`
--
ALTER TABLE `petugas`
  MODIFY `id_petugas` int(11) NOT NULL AUTO_INCREMENT, AUTO_INCREMENT=16;
--
-- AUTO_INCREMENT for table `ruang`
--
ALTER TABLE `ruang`
  MODIFY `id_ruang` int(11) NOT NULL AUTO_INCREMENT, AUTO_INCREMENT=4;
/*!40101 SET CHARACTER_SET_CLIENT=@OLD_CHARACTER_SET_CLIENT */;
/*!40101 SET CHARACTER_SET_RESULTS=@OLD_CHARACTER_SET_RESULTS */;
/*!40101 SET COLLATION_CONNECTION=@OLD_COLLATION_CONNECTION */;
